{
  "version": "1.1.1",
  "windows": {
    "main": {
      "main": true,
      "url": "app://editor/index.html",
      "windowType": "dockable",
      "x": 0,
      "y": 25,
      "width": 1680,
      "height": 981,
      "layout": {
        "children": [
          {
            "children": [
              {
                "active": 0,
                "children": [
                  "hierarchy"
                ],
                "height": 300,
                "type": "panel",
                "width": 204
              },
              {
                "active": 0,
                "children": [
                  "assets"
                ],
                "height": 330,
                "type": "panel",
                "width": 204
              }
            ],
            "height": 633,
            "type": "dock-v",
            "width": 204
          },
          {
            "children": [
              {
                "children": [
                  {
                    "active": 0,
                    "children": [
                      "scene"
                    ],
                    "height": 330,
                    "type": "panel",
                    "width": 498.984375
                  },
                  {
                    "active": 0,
                    "children": [
                      "node-library"
                    ],
                    "height": 330,
                    "type": "panel",
                    "width": 264
                  }
                ],
                "height": 330,
                "type": "dock-h",
                "width": 766
              },
              {
                "active": 0,
                "children": [
                  "console",
                  "timeline",
                  "game-window"
                ],
                "height": 300,
                "type": "panel",
                "width": 766
              }
            ],
            "height": 633,
            "type": "dock-v",
            "width": 766
          },
          {
            "active": 0,
            "children": [
              "inspector",
              "cocos-services"
            ],
            "height": 633,
            "type": "panel",
            "width": 304
          }
        ],
        "type": "dock-h"
      },
      "panels": [
        "hierarchy",
        "assets",
        "scene",
        "node-library",
        "console",
        "timeline",
        "game-window",
        "inspector",
        "cocos-services"
      ]
    },
    "window-1631714105594": {},
    "worker": {}
  },
  "panels": {
    "preferences": {
      "x": 560,
      "y": 226,
      "width": 584,
      "height": 554
    },
    "builder": {
      "x": 590,
      "y": 126,
      "width": 500,
      "height": 728
    }
  },
  "panelLabelWidth": {
    "inspector": null,
    "builder": null
  }
}
